woord,vertaling,thema,onderdeel,voorbeeldzin
afspraak,appointment,algemeen,schrijven,"Ik heb een afspraak om 10:00."
verzetten,to reschedule,algemeen,schrijven,"Kunnen we de afspraak verzetten naar morgen?"
klacht,complaint,algemeen,schrijven,"Ik wil een klacht indienen."
aanvragen,to apply for / request,algemeen,schrijven,"Ik wil een cursus aanvragen."
uitnodigen,to invite,algemeen,schrijven,"Ik wil je uitnodigen voor mijn verjaardag."
huurwoning,rental property,wonen,knm,"Ik woon in een huurwoning."
uitkering,benefit (payment),werk-en-inkomen,knm,"Hij krijgt een uitkering van het UWV."
huisarts,general practitioner,gezondheid,knm,"Ik ga naar de huisarts als ik ziek ben."
leerplicht,compulsory education,opvoeding-en-onderwijs,knm,"Kinderen hebben leerplicht vanaf vijf jaar."
